,intent
0,자동안심T로밍음성
1,로밍통화요금
2,baroBox임대료
3,T로밍청구내역서
4,로밍중USIM변경
5,로밍중전화발신방법
6,T로밍고객센터
7,데이터로밍차단시Wi-Fi이용
8,데이터로밍차단시통화문자이용
9,T끼리데이터선물하기받은데이터사용방법
10,T끼리데이터선물하기취소
11,가족간데이터자동선물하기
12,T끼리데이터선물하기연령
13,T끼리데이터선물하기대상
14,T끼리데이터선물하기알림
15,가족간데이터자동선물발송시점
16,데이터리필하기사용방법
17,데이터리필하기쿠폰제공
18,데이터리필하기쿠폰취소
19,데이터리필하기쿠폰유효기간
20,데이터리필하기데이터공유가능여부
21,데이터리필하기mVoIP사용가능여부
22,데이터리필하기쿠폰과안심옵션중복사용
23,데이터리필하기문자통보
24,데이터리필하기선물받은리필쿠폰소멸
25,소리샘서비스비밀번호
26,T전화baro
27,미성년자로밍
28,VIP요금제프로그램
29,가족나눔데이터
30,세금계산서신청방법
31,단말보험가입방법
32,넘버플러스2신청방법
33,5G기기변경방법
34,개명개칭방법
35,군입대장기일시정지재신청방법
36,슬림
37,T전화통화녹음기능
38,PASS건강지키미해지방법
39,OK캐쉬백납부
40,상품권수납
41,데이터추가사용방법
42,로밍중mVoIP이용
43,baroBox임대
44,로밍중휴대폰분실신고
45,선불폰충전금액별이용기간
46,baroBox임대예약취소
47,baroBox임대예약방법
48,T건강습관XAIAVitality
49,T건강습관XAIAVitality이용방법
50,오토컬러링
51,Tworld장기미접속자동탈퇴 
52,ZEM이용방법
53,5G로밍가능국가
54,5G로밍가능휴대폰
55,T전화baro이용방법
56,baroBox옵션변경
57,분실안심990투플러스임대폰취소
58,장기일시정지직권해지
59,요금제변경가능일알림서비스
60,T로밍카드잔액조회
61,철회
62,가입정보조회
63,스팸문자
64,스미싱
65,Tworld문자보내기이용방법
66,미디어앤데이터팩신청방법
67,제조사AS센터연락처
68,콜키퍼
69,T플러스B인터넷해지방법
70,T플러스B인터넷
71,전화상담사연결
72,TLOGIN사용량SMS통보
73,컬러링서비스설정방법
74,HDVoice서비스이용방법
75,4G5G재난문자방송서비스
76,4G5G재난문자방송서비스차단방법
77,Tworld위젯설치방법
78,T멤버십열린멤버십
79,퀵보이스차단서비스
80,모션키
81,ZEM위치조회권한요청방법
82,비밀번호통화서비스해지방법
83,T안심콜
84,USIM카드구매방법
85,SK쉴더스모바일가드
86,TRing
87,컬러링서비스신청방법
88,무약정플랜
89,SMS수신거부
90,해외체류장기일시정지
91,임대제도
92,PASS신용지키미
93,제주도프리
94,Twifizone이용방법
95,Data함께쓰기
96,익명호수신거부서비스신청방법
97,Twifizone찾기
98,TRing플러스차단해지방법
99,착신전환
100,단말보험해지방법
101,선택약정할인제도재가입조건
102,통합청구서
103,미성년자법정대리인정지
104,간편결제서비스
105,휴대폰데이터끊김조치방법
106,휴대폰통화중잡음묵음조치방법
107,휴대폰핫스팟연결불가조치방법
108,휴대폰문자수발신실패조치방법
109,휴대폰중계기설치
110,휴대폰MMS다운로드실패조치방법
111,휴대폰영상수발신불가조치방법
112,휴대폰데이터접속불가조치방법
113,휴대폰데이터속도저하조치방법
114,휴대폰전화수발신불가조치방법
115,휴대폰전화수신불가조치방법
116,휴대폰통화끊김조치방법
117,T플랜맥스+다이렉트플랜
118,5GX스탠다드+다이렉트플랜
119,5GX플래티넘+다이렉트플랜
120,T플랜에센스+다이렉트플랜
121,T플랜세이브+다이렉트플랜
122,휴대폰통화권이탈조치방법
123,NUGU서비스Btv연동이용방법
124,NUGU서비스업데이트실패조치방법
125,NUGU서비스스마트폰연결방법
126,Tmap가이드문자보내기
127,NUGU서비스오디오북이용방법
128,NUGU서비스국내프로야구
129,Tmap가이드전화발신방법
130,NUGU서비스11번가배송지변경
131,NUGU서비스스마트홈음성명령
132,NUGU서비스멜론음원재생오류
133,NUGU서비스스마트홈이용방법
134,NUGU서비스Google캘린더
135,NUGU서비스멜론이용권구매방법
136,NUGU서비스아이디비밀번호찾기
137,NUGU서비스펌웨어업데이트
138,NUGU서비스mini업데이트
139,NUGU서비스알람멜론음악설정방법
140,NUGU서비스알람설정방법
141,NUGU서비스음식주문방법
142,BtvNUGU
143,NUGU서비스앱디바이스연결실패조치방법
144,NUGU서비스무드등
145,NUGU서비스폰찾기알림오류
146,NUGU서비스어학사전
147,NUGU서비스무드등자동꺼짐현상
148,NUGU서비스디바이스AS센터
149,NUGU서비스이용대상
150,NUGU서비스반품및교환
151,NUGU서비스인증번호미수신
152,NUGU서비스회원가입방법
153,NUGU서비스디바이스연결
154,NUGU서비스정기이용권해지방법
155,NUGU서비스셀럽알람
156,알버트AI홈업데이트
157,알버트AI홈초기화방법
158,NUGU서비스T멤버십할인방법
159,NUGU서비스레시피이용방법
160,SK유무선공유기Wi-Fi접속불가조치방법
161,SK유무선공유기Wi-Fi끊김조치방법
162,SK유무선공유기Wi-Fi이름암호확인방법
163,Btv방송신호없음조치방법
164,5GX클라우드게임
165,4G5G재난문자방송서비스이용방법
166,가족결합상품해지방법
167,테더링및모바일핫스팟
168,다른번호문의
169,유선이전설치
170,유선인터넷요금제
171,유선명의변경
172,USIM스마트인증
173,문자메시지서비스
174,오토콜
175,오토콜이용방법
176,이니셜앱SKT고객센터활용업무
177,벨플러스컬러링정액제해지방법
178,벨플러스컬러링정액제설정방법
179,안심통보서비스신청방법
180,미성년자요금제변경방법
181,갤럭시기기변경상담
182,T전화음성명령사용방법
183,T멤버십혜택
184,T우주패스all
185,T우주패스상품신청방법
186,T우주패스해지방법
187,T전화채티대화이력삭제
188,ifland앱
189,빌레터마이풀서비스
190,각종업무구비서류
191,기프티콘
192,음악관련
193,음성관련
194,위치관련
195,예약관련
196,연동관련
197,영상통화관련
198,연장관련
199,고장실패관련
200,개통관련
201,주식관련
202,조회관련
203,차단관련
204,아이폰관련
205,데이터문의관련
206,인증관련
207,이사관련
208,SK텔레콤유튜브
209,T전화프로필
210,T데이터셰어링신청방법
211,T데이터셰어링
212,이름관련
213,T데이터셰어링해지방법
214,PASS프라임서비스
215,PASS프라임서비스신청방법
216,법인고객센터
217,T우주패스slim신청방법
218,T우주패스mini신청방법
219,스마트안심쇼핑신청방법
220,정지해제관련
221,T우주패스life
222,T우주패스life프로모션
223,T우주패스life신청방법
224,모비데이터팩
225,헬로링
226,헬로링신청방법
227,헬로링해지방법
228,헬로링프로모션
229,비밀번호관련
230,5G언택트플랜프로모션
231,TAll케어플러스3플립
232,TAll케어플러스3i보급
233,TAll케어플러스3고급
234,TAll케어플러스3일반
235,TAll케어플러스3i파손50
236,TAll케어플러스3i고급
237,TAll케어플러스3패밀리폴드
238,TAll케어플러스3패밀리파손40
239,TAll케어플러스3패밀리일반
240,TAll케어플러스3패밀리i보급
241,TAll케어플러스3패밀리플립
242,TAll케어플러스3패밀리i일반
243,TAll케어플러스3패밀리고급
244,TAll케어플러스3패밀리i파손80
245,TAll케어플러스3패밀리파손F
246,TAll케어플러스3패밀리i파손50
247,TAll케어플러스3패밀리파손80
248,파손3파손40
249,분실파손3폴드
250,분실파손3i고급
251,분실파손3플립
252,분실파손3i일반
253,분실파손3고급
254,분실파손3i보급
255,분실파손3일반
256,파손3파손80
257,파손3i파손80
258,파손3i파손50
259,ForeignLanguageService
260,T우주패스핫픽
261,T나는폰교체신청방법
262,T나는폰교체해지방법
263,T우주패스연간상품
264,T우주패스연간상품신청방법
265,T우주패스all연간
266,T우주패스all연간신청방법
267,T우주패스life연간
268,T우주패스mini연간
269,T우주패스mini연간신청방법
270,T우주패스slim연간신청방법
271,T우주패스연간상품해지방법
272,요즘가족결합
273,T우주패스패밀리서비스
274,T우주패스패밀리서비스신청방법
275,V컬러링라이트
276,휴대폰결제멤버십
277,이동전화가입(타사)
278,인터넷TV가입(타사)
279,T멤버십혜택(타사)
280,스마트안티피싱신청방법
281,스마트안티피싱
282,마이데이터
283,T우주정기배송서비스
284,T멤버십0day혜택
285,5G시니어C형
286,5G시니어B형
287,5G시니어요금제
288,마인드케어
289,eSIM개통방법
290,eSIMT전화사용방법
291,0청년다이렉트요금제
292,다이렉트플랜요금제
293,baro3GB
294,baro4GB 
295,baro7GB
296,baroYT4GB
297,baroYT5GB
298,baroYT8GB
299,0청년요금제
300,가족로밍
301,데이터로밍요금
302,로밍수신요금
303,로밍문자요금
304,충전용품임대
305,원패스기준시간
306,로밍중LTE데이터이용방법
307,로밍요금확인시점
308,로밍중발신번호표시
309,임대로밍반납방법
310,국제전화알림Biz레터링
311,로밍한사람간통화요금
312,로밍통화요금발생시점
313,로밍중휴대폰기능사용요금
314,T로밍콜키퍼
315,로밍중국제전화카드사용
316,로밍중인증문자수신
317,T멤버십가맹점및사용방법
318,T멤버십VIPPick영화예매방법
319,T멤버십고객등급기준
320,T멤버십카드발급조건
321,T멤버십발급비용
322,레인보우포인트확인방법
323,OK캐쉬백
324,레인보우포인트
325,레인보우포인트사용방법
326,레인보우포인트적립
327,레인보우포인트유효기간
328,T끼리데이터선물하기비용
329,데이터리필하기데이터음성사용기간
330,데이터로밍차단해지
331,실시간요금상세내역
332,T가족모아데이터
333,T가족모아데이터공유방법
334,번호변경방법
335,T멤버십재발급취소
336,T멤버십Tday프로모션
337,휴대폰보험보상신청방법
338,스팸문자차단방법
339,T데이터쿠폰구매방법
340,T멤버십카드번호확인방법
341,자동안심T로밍데이터
342,단말기할부금중도납부방법
343,로밍폰임대료
344,휴대폰기기변경방법
345,팅요금충전방법
346,요금약정할인제도
347,원패스제공국가
348,분실폰찾기
349,단말기잔여할부조회방법
350,착신전환이용방법
351,New온가족플랜
352,요금납부일변경방법
353,넘버플러스2
354,프리미엄패스1
355,신규가입구비서류
356,휴대폰결제이용제한해제방법
357,휴대폰결제이용동의신청방법
358,TB끼리온가족무료
359,65세이상기초연금수급자복지할인제도신청방법
360,넘버플러스2이용방법
361,Tworld회선관리
362,원패스VIP기간형
363,군장병전용요금제
364,0플랜히어로
365,0플랜슈퍼히어로
366,mVoIP
367,통화내역열람방법
368,리모콘이용방법
369,번호변경안내서비스연장방법
370,PUK번호확인방법
371,레터링설정방법
372,T지원금약정
373,이동전화해지방법
374,분실폰찾기알람
375,문자스팸필터링
376,분실폰찾기위치조회
377,기초생활수급자복지할인제도
378,일시정지
379,분실폰찾기단말잠금
380,로밍일시허용
381,영업장위치확인
382,멜론고객센터
383,장애인복지할인제도
384,분실폰찾기개인정보삭제
385,군입대장기일시정지신청방법
386,개별통화수신거부이용방법
387,세금계산서재발행방법
388,명의변경
389,중고기기변경방법
390,국가유공자복지할인제도
391,차상위계층한부모가족복지할인제도
392,5GX요금제
393,5GX플래티넘
394,5GX스탠다드
395,5GX프라임
396,기어VR컨트롤러해결방법
397,5G커버리지
398,국제전화사업자선택
399,발신번호표시제한서비스발신방법
400,발신번호확인서비스
401,T전화T114이용방법
402,복지할인제도
403,USIM기변방법
404,이용계약증명서발급방법
405,Msafer서비스
406,국제전화발신금지
407,T전화스팸기능
408,T로밍도착알리미
409,데이터로밍무조건허용
410,5G함께쓰기프로모션
411,5GT가족모아데이터
412,Tum체험관
413,T로밍음성사용량안내문자차단
414,데이터로밍일시허용
415,T로밍데이터충전
416,T로밍데이터12시간
417,SMSMMS발신자번호확인
418,자녀요금통보서비스
419,과납
420,Skpay해지방법
421,팅요금제자동변경시기
422,요금안내서주소변경방법
423,Skpay가입방법
424,Skpay결제방법
425,FLO이용방법
426,Skpay
427,T라이트할부카드
428,T청소년안심팩서비스해지방법
429,T청소년안심팩서비스신청방법
430,T청소년안심팩서비스
431,TRing해지방법
432,단골고객관리해지방법
433,Skpay가맹점확인방법
434,결합상품
435,T플랜세이브
436,T플랜요금제
437,T플랜맥스
438,이동전화가입제한
439,일500건SMS발송량제한
440,장기가입고객할인제도
441,T플랜안심2.5G
442,무조건소리샘
443,T플랜스페셜
444,T플랜안심4G
445,T플랜에센스
446,편의점요금납부
447,T괌사이판요금제잔여량확인
448,원패스잔여량확인
449,baro요금제잔여량확인
450,T로밍도착알리미옵션변경
451,T괌사이판옵션변경
452,Wavve콘텐츠팩
453,Wavve프로모션혜택
454,해지미환급금조회방법
455,가족결합확인방법
456,현금영수증발행업무
457,동일신용카드월5회수납제한
458,Wavve콘텐츠팩신청방법
459,수납이력서재발행방법
460,명의도용신고방법
461,휴대폰결제이용가능대상
462,롯데TELLO카드
463,국제전화청구주기
464,휴대폰결제연체가산금
465,T포켓파이
466,Wavve콘텐츠팩플러스
467,요금안내서재발행방법
468,단말기일련번호확인방법
469,명의도용
470,ZEM플랜요금제지정번호추가방법
471,가산금
472,T포켓파이데이터사용량확인방법
473,가족나눔데이터나눠쓰기
474,T끼리데이터선물조르기방법
475,법인휴대폰결제
476,T끼리온가족할인제도가입년수확인방법
477,T포켓파이번호확인방법
478,현금영수증발급방법
479,로밍폰임대
480,T로밍Biz요금제
481,baroYT요금제
482,원패스VIP기본형
483,원패스옵션변경
484,로밍중착신전환사용
485,자동안심T로밍데이터해지
486,가입비
487,baroBox잔여량조회
488,착신전환해지방법
489,타사고객baroBox이용
490,선불폰충전취소방법
491,로밍폰임대예약방법
492,FLO앤데이터해지방법
493,고액정보이용료특이정지
494,복지할인제도변경방법
495,선불폰
496,미납이용정지
497,비즈링설정방법
498,자동연결유료서비스
499,T건강습관XAIAVitality신청방법
500,폰기능상담24
501,비즈링신청방법
502,HDVoice서비스
503,주민등록번호정정
504,비즈링해지방법
505,통화중대기서비스해지방법
506,자동연결유료서비스해지방법
507,선불폰충전방법
508,오토컬러링플러스
509,오토컬러링플러스신청방법
510,오토컬러링설정방법
511,자동연결유료서비스이용방법
512,전화번호안심로그인해지방법
513,비즈링
514,태블릿번호확인방법
515,오토컬러링플러스설정방법
516,자동연결유료서비스신청방법
517,오토컬러링신청방법
518,FLO앤데이터
519,T안심보상
520,FLO앤데이터플러스
521,FLO프로모션혜택
522,요금안내서발행유형자동변경해제방법
523,FLO앤데이터신청방법
524,FLO앤데이터플러스신청방법
525,T전화설정방법
526,상담사칭찬방법
527,골드번호프로모션당첨확인방법
528,T전화보이는ARS해제방법
529,골드번호
530,골드번호프로모션
531,부가서비스가입내역확인방법
532,T전화그룹통화
533,분실정지해제방법
534,컬러링플러스2신청방법
535,컬러링플러스2
536,컬러링플러스2설정방법
537,컬러링플러스2해지방법
538,분실정지방법
539,ZEM
540,5G로밍서비스
541,로밍폰임대예약취소
542,친구찾기서비스신청방법
543,T멤버십VIPPick
544,분실안심990투플러스
545,컨트리락해제방법
546,데이터통화료상한제도
547,친구찾기서비스위치조회방법
548,친구찾기서비스해지방법
549,친구찾기서비스
550,문자매니저신청방법
551,T전화콜라영상통화
552,TRing플러스해지방법
553,행복AS
554,문자매니저
555,넘버플러스2해지방법
556,Tmap문의방법
557,스마트피싱보호해지방법
558,스마트피싱보호신청방법
559,스마트피싱보호
560,요금납부일확인방법
561,T로밍데이터잔여량확인
562,T로밍데이터12시간옵션변경
563,분실안심990투플러스임대폰반납
564,SKT미납센터연락처
565,미납직권해지
566,T멤버십구매상품(구.초콜릿)상담센터
567,NUGU서비스
568,가족간명의변경신청방법
569,SKT해지미납센터연락처
570,멜론NUGU스트리밍클럽신청방법
571,멜론NUGU스트리밍클럽결제취소방법
572,가족간명의변경
573,데이터결합약정할인반환금
574,일시정지해제방법
575,데이터결합약정할인
576,멜론NUGU스트리밍클럽해지방법
577,데이터결합약정할인신청방법
578,멜론NUGU스트리밍클럽
579,데이터결합약정할인해지방법
580,SK쉴더스모바일가드알림설정방법
581,컬러링라이트신청방법
582,컬러링라이트
583,SK쉴더스모바일가드해지방법
584,등기문자
585,해외SMS발신금지서비스신청방법
586,컬러링라이트설정방법
587,PASS건강지키미
588,해외SMS발신금지서비스
589,PASS건강지키미신청방법
590,해외MMS서비스
591,해외SMS서비스
592,자녀요금통보서비스해지방법
593,T로밍카드내역확인
594,T로밍카드유효기간
595,T로밍카드환불
596,T로밍카드선물
597,공공알림문자서비스해지방법
598,멜론익스트리밍해지방법
599,T로밍카드타인양도
600,멜론익스트리밍신청방법
601,T로밍카드고객센터
602,멜론익스트리밍
603,멜론익스트리밍플러스
604,멜론익스트리밍플러스해지방법
605,멜론익스트리밍플러스신청방법
606,애플콘텐츠이용료결제내역확인방법
607,콜링플러스신청방법
608,애플콘텐츠이용료결제수수료
609,개통이력단말기피해보상신청방법
610,T모아쿠폰
611,애플콘텐츠이용료결제이용한도
612,개통이력단말기피해보상제도
613,단말기교품
614,애플콘텐츠이용료
615,앱스토어결제수단
616,콜링신청방법
617,0프로그램
618,공시지원금확인방법
619,T로밍카드
620,애플콘텐츠이용료결제취소방법
621,콜링
622,0캠퍼스
623,익명호수신거부서비스해지방법
624,FLO앤데이터플러스해지방법
625,애플콘텐츠이용료이용방법
626,번호이동제도
627,휴대폰개통일확인방법
628,미디어앤데이터팩
629,콜링플러스해지방법
630,단말기자급제도
631,band데이터6.5G
632,고객보호비밀번호서비스변경방법
633,콜링플러스
634,Wavve속도제어해제
635,band데이터퍼펙트
636,T로밍카드종류
637,고객보호비밀번호서비스신청방법
638,미디어앤데이터팩해지방법
639,5G클러스터
640,데이터슈퍼패스
641,고객보호비밀번호서비스해지방법
642,Wavve앤데이터플러스신청방법
643,고객보호비밀번호서비스
644,band데이터퍼펙트S
645,SKpay고객센터
646,Wavve속도제어해제신청방법
647,Wavve앤데이터플러스해지방법
648,0플랜미디엄
649,Wavve앤데이터
650,T로밍카드구매방법
651,0플랜라지
652,데이터스테이션
653,0플랜스몰
654,데이터SOS
655,T다이렉트샵바로픽업서비스
656,Wavve앤데이터플러스
657,0플랜요금제
658,Wavve앤데이터해지방법
659,Wavve앤데이터신청방법
660,band데이터요금제
661,T로밍카드결제수단
662,T로밍카드구매처
663,콜링해지방법
664,T로밍카드등록방법
665,T로밍카드등록실패사유
666,band어르신세이브
667,무료음성요금제
668,주말엔팅요금제
669,T플랜인피니티
670,band어르신1.2G
671,T플랜라지
672,T끼리어르신
673,콜키퍼해지방법
674,타통신사고객센터
675,표준요금제
676,레터링신청방법
677,무료음성94
678,무료음성79
679,T플랜패밀리
680,요금안내서변경방법
681,무료음성54
682,무료음성44
683,레터링해지방법
684,선택약정할인제도해지방법
685,T플랜레귤러
686,안심문자신청방법
687,band어르신2.2G
688,무료음성28
689,법정대리인에게미성년자청구금액SMSMMS발송
690,무료음성19
691,주말엔팅3.0G
692,T플랜미디엄
693,T통화매니저앱
694,T플랜스몰
695,콜키퍼신청방법
696,발신번호메모플러스해지방법
697,안심문자
698,band어르신요금제
699,주말엔팅세이브
700,무료음성34
701,T플러스B인터넷신청방법
702,컬러링서비스해지방법
703,Tworld아이디비밀번호찾기방법
704,뉴T끼리맞춤형요금제
705,채팅플러스해지방법
706,채팅플러스
707,스마트홈서비스
708,LTE팅안심옵션
709,무료음성64
710,레터링
711,주말엔팅5.0G
712,요금제변경가능일알림서비스신청방법
713,LTE안심옵션해지방법
714,안심문자해지방법
715,LTE실버안심옵션
716,JumpAR앱
717,PASS해지방법
718,자녀요금조회방법
719,SKT콜렉트콜서비스
720,AR동물원
721,TTab30
722,제휴카드할인
723,공동인증서등록방법
724,SK텔레콤할인혜택
725,진행중이벤트
726,자녀데이터사용량조회방법
727,TTab18공유
728,TTab30공유
729,소리누리요금제
730,국제전화수신거부서비스신청방법
731,TTab24
732,장기일시정지
733,SK텔레콤이용약관
734,T쿠폰
735,TTab18
736,TTab함께쓰기공유요금제
737,가입상담예약방법
738,T쿠폰잔액조회방법
739,TTab9
740,국제전화수신거부서비스해지방법
741,요금수납내역확인방법
742,다자녀할인제도
743,T앱
744,이메일상담
745,TTab24공유
746,T쿠폰등록방법
747,T쿠폰구매방법
748,손누리요금제
749,넘버플러스2번호확인방법
750,TTab단독요금제
751,국제전화수신거부서비스
752,원패스VIP
753,T데이터쿠폰사용기간
754,로그인보호서비스해지방법
755,T데이터쿠폰잔액조회방법
756,T쿠폰고객센터
757,Wavve
758,wavvego서비스이용기간
759,Wavve유료이용권해지방법
760,휴대폰안심결제해지방법
761,Wavve부가서비스인증방법
762,Wavve코인확인방법
763,휴대폰간편로그인해지방법
764,뉴실버요금제
765,T데이터쿠폰등록기간
766,T데이터쿠폰등록방법
767,Wavvego서비스
768,손누리링신청방법
769,손누리링설정방법
770,퀵보이스
771,전국민무한69
772,원플러스컬러링
773,데이터리필하기쿠폰사용내역확인방법
774,스마트콜Pick해지방법
775,손누리링
776,레드커넥트해지방법
777,채팅플러스계좌송금서비스
778,모션키신청방법
779,모션키해지방법
780,손누리링해지방법
781,원키퍼
782,원키퍼해지방법
783,ZEM오류접수방법
784,원키퍼신청방법
785,스마트콜Pick
786,레드커넥트
787,유튜브프리미엄자동결제해지방법
788,스마트사인해지방법
789,전국민무한85
790,최근사용량확인방법
791,원플러스컬러링신청방법
792,전국민무한요금제
793,원플러스컬러링설정방법
794,퀵보이스신청방법
795,레드커넥트신청방법
796,퀵보이스이용방법
797,웹발신알림
798,원플러스컬러링해지방법
799,T전화녹음파일확인방법
800,퀵보이스해지방법
801,스마트콜Pick신청방법
802,전국민무한100
803,전국민무한75
804,T안심콜해지방법
805,T안심콜라이트해지방법
806,콜키퍼플러스
807,T안심콜신청방법
808,T안심콜라이트
809,T안심콜라이트신청방법
810,퍼펙트콜라이트
811,비밀번호통화서비스신청방법
812,콜키퍼플러스해지방법
813,FLO
814,퍼펙트콜라이트신청방법
815,퍼펙트콜라이트해지방법
816,비밀번호통화서비스
817,비밀번호통화서비스이용방법
818,콜키퍼플러스신청방법
819,콜미프리서비스신청방법
820,SKT5GX
821,콜미프리서비스해지방법
822,콜미프리서비스
823,자동안심T로밍
824,로밍폰임대옵션변경
825,로밍통화내역열람
826,휴대폰렌탈
827,휴대폰렌탈이용요금
828,휴대폰렌탈예약방법
829,PASS주식정보해지방법
830,USIM카드교품방법
831,지켜줘서고마워현역플랜포인트조회방법
832,주식투자노트해지방법
833,주식서비스
834,마이스마트콜2
835,SMS수신거부신청방법
836,리모콘신청방법
837,착신전환신청방법
838,통화중대기서비스
839,TRing신청방법
840,무선인터넷차단
841,공공알림문자서비스
842,무선인터넷차단신청방법
843,통화중대기서비스신청방법
844,주식서비스해지방법
845,컬러링서비스
846,PASS
847,로그인플러스해지방법
848,TAll케어플러스
849,0틴5G요금제
850,PASS신용지키미해지방법
851,TRing플러스신청방법
852,소리샘서비스
853,스마트사인신청방법
854,익명호수신거부서비스
855,로그인플러스
856,LTE속도제어해제신청방법
857,LTE속도제어
858,번호변경안내서비스
859,휴대폰보호서비스
860,분실파손보험
861,임대신청방법
862,번호변경안내서비스신청방법
863,TB끼리한가족할인
864,T전화이용방법
865,스마트사인
866,Data함께쓰기신청방법
867,TB끼리TV플러스신청방법
868,T안심보안
869,TB끼리온가족프리
870,콜렉트콜차단해제방법
871,요금안내서BillLetter
872,요금안내서BillLetter앱설치방법
873,소리샘서비스청취방법
874,TB끼리TV플러스
875,발신번호메모플러스신청방법
876,LTE안심옵션신청방법
877,LTE안심옵션
878,휴대폰보호서비스해지방법
879,번호도용문자차단해지방법
880,T끼리온가족할인제도
881,T전화
882,발신번호메모플러스
883,해외체류장기일시정지신청방법
884,휴대폰결제비밀번호해지방법
885,휴대폰보호서비스신청방법
886,PASS신청방법
887,T가족모아데이터신청방법
888,060정보료한도제해지방법
889,T안심보안신청방법
890,060정보료한도제신청방법
891,지켜줘서고마워현역플랜
892,060발신차단서비스해지방법
893,휴대폰인증서서비스해지방법
894,Twifizone
895,리모콘
896,060발신차단서비스신청방법
897,060정보료한도제
898,휴대폰결제비밀번호
899,TRing플러스
900,개별통화수신거부
901,060발신차단서비스
902,발신금지서비스
903,060비밀번호통화서비스
904,060비밀번호통화서비스신청방법
905,무약정플랜신청방법
906,T아이디
907,일자별잔여통화안내날짜변경방법
908,5GX클럽갤럭시S20해지방법
909,휴대폰결제이용차단신청방법
910,발신금지서비스신청방법
911,T아이디가입방법
912,착신금지서비스신청방법
913,휴대폰결제이용차단
914,착신금지서비스해지방법
915,일자별잔여통화안내
916,휴대폰결제비밀번호신청방법
917,스팸ARS차단플러스해지방법
918,개별통화수신거부신청방법
919,착신금지
920,번호도용문자차단
921,개별통화수신거부해지방법
922,휴대폰결제비밀번호등록방법
923,T가족모아데이터가족추가방법
924,마이스마트콜2해지방법
925,발신금지서비스해지방법
926,스팸ARS차단플러스신청방법
927,5GX클럽갤럭시S20반납조건
928,스팸ARS차단플러스설정방법
929,번호도용문자차단신청방법
930,일자별잔여통화안내신청방법
931,스팸ARS차단플러스
932,SK쉴더스모바일가드설치방법
933,T끼리온가족할인제도신청방법
934,TRing플러스차단
935,5GX클럽갤럭시S20
936,휴대폰인증서서비스
937,TRing플러스차단신청방법
938,코로나19예방수칙
939,Twifi렌탈
940,Twifi렌탈이용요금
941,Twifi렌탈예약방법
942,Thigh5적금시즌2해지방법
943,SK텔레콤고객센터운영시간
944,T끼리온가족할인제도할인율확인방법
945,T아이폰파손9
946,T멤버십사용내역확인방법
947,T멤버십VIPPick잔여횟수확인방법
948,휴대폰간편로그인
949,T아이폰케어12
950,Thigh5적금시즌2가입방법
951,휴대폰간편로그인신청방법
952,T아이폰케어10
953,단말기할부
954,T아이폰케어16
955,발신번호표시신청방법
956,Thigh5적금시즌2
957,TARS
958,T아이폰케어
959,T아이폰케어해지방법
960,T아이폰파손12
961,Wavve해지방법
962,T아이폰파손7
963,콘텐츠이용료결제취소방법
964,후청구요금
965,발신번호표시
966,Wavve콘텐츠팩해지방법
967,안심키퍼
968,PASS세이프가드
969,목소리인증
970,PASS세이프가드해지방법
971,로그인보호서비스신청방법
972,휴대폰결제취소방법
973,선택약정할인중복가입가능상품
974,선택약정할인제도할인반환금부과대상
975,선택약정할인제도가입가능단말기조회방법
976,자동휴대폰결제차단방법
977,목소리인증해지방법
978,안심키퍼해지방법
979,선택약정할인제도가입조건
980,장기미사용휴대폰결제차단
981,선택약정할인제도만료SMS발송시기
982,선택약정할인반환금면제대상
983,휴대폰결제대행사연락처
984,선택약정할인제도승계조건
985,통신과금선결제이용방법
986,선택약정할인제도가입불가요금제
987,선택약정할인제도약정기간변경
988,통신과금선결제
989,법인본인확인비밀번호서비스
990,자동휴대폰결제차단해제방법
991,선택약정할인제도공제순서
992,휴대폰결제장기미사용차단해제방법
993,통신과금자동선결제횟수제한
994,휴대폰결제이용제한방법
995,통신과금선결제취소방법
996,법인본인확인비밀번호서비스신청방법
997,법인휴대폰결제이용한도
998,법인본인확인비밀번호서비스해지방법
999,TAll케어플러스200
1000,구글Play스토어고객센터
1001,통신과금자동선결제
1002,통신과금자동선결제해지방법
1003,분실파손200
1004,분실파손i200
1005,분실파손150
1006,TAll케어플러스i200
1007,TAll케어플러스80
1008,TAll케어플러스i100
1009,ONEstore고객센터
1010,TAll케어플러스i150
1011,TAll케어플러스150
1012,미성년자법정대리인정지신청방법
1013,개통대리점조회방법
1014,분실파손i150
1015,미성년자법정대리인정지해제방법
1016,통신과금자동선결제신청방법
1017,콘텐츠이용료구매내역확인방법
1018,분실정지수신기간연장방법
1019,법인본인확인비밀번호서비스이용방법
1020,분실파손80
1021,법정대리인동시통보
1022,콘텐츠이용료가능대상
1023,휴대폰통화목소리작음조치방법
1024,휴대폰5G데이터접속불가조치방법
1025,중계기설치후휴대폰사용불가조치방법
1026,LTE휴대폰3G데이터접속조치방법
1027,휴대폰TWi-FiZone이용불가조치방법
1028,휴대폰MMS수신후저장실패조치방법
1029,휴대폰안테나불안정조치방법
1030,LTE휴대폰3G전환후통화끊김조치방법
1031,휴대폰HDVoice불가조치방법
1032,휴대폰특정번호문자수신실패조치방법
1033,휴대폰MMS수발신실패조치방법
1034,휴대폰통화목소리울림조치방법
1035,휴대폰긴급전화표시조치방법
1036,휴대폰특정번호전화발신불가조치방법
1037,휴대폰특정번호전화수신불가조치방법
1038,세이프캐시알림설정방법
1039,T플랜안심4G+다이렉트플랜
1040,5GX프라임+다이렉트플랜
1041,슬림+다이렉트플랜
1042,T플랜안심2.5G+다이렉트플랜
1043,세이프캐시
1044,T플랜스페셜+다이렉트플랜
1045,세이프캐시해지방법
1046,세이프캐시신청방법
1047,NUGUWiFi연결
1048,NUGUCHIPS잠금화면
1049,NUGU서비스11번가결제카드변경
1050,NUGU서비스스마트홈기기등록건수
1051,NUGU서비스멜론스트리밍상품
1052,NUGU서비스증권주가지수시세조회
1053,NUGU서비스FLO이용권구매방법
1054,NUGU서비스운세
1055,선라이즈모닝콜
1056,NUGU서비스타이머
1057,NUGU서비스BBQ마이메뉴설정방법
1058,셋톱박스스피커이용방법
1059,NUGU서비스음성인식기능
1060,Btv셋톱박스인증번호확인방법
1061,NUGU서비스멜론카카오톡계정이용방법
1062,Btv셋톱박스연동방법
1063,NUGU서비스금영노래방
1064,NUGU서비스도미노피자마이메뉴설정방법
1065,NUGU서비스음악연동방법
1066,NUGUmini전원오프상태충전
1067,BtvUHD와SMART차이점
1068,알버트AI
1069,NUGU서비스하나은행금융기능
1070,NUGU서비스어학사전이용방법
1071,NUGUmini충전
1072,알버트AI등록방법
1073,NUGU서비스하나은행환율정보
1074,BtvNUGU이용방법
1075,NUGU서비스MYQ앤A
1076,BtvNUGU음성명령기능
1077,NUGU서비스블루투스연결방법
1078,BtvNUGU앱연동방법
1079,NUGUCHIPS무선충전실패
1080,NUGU서비스탈퇴방법
1081,NUGU디바이스적색등오류
1082,NUGUCHIPS위치권한설정방법
1083,알버트와알버트AI차이점
1084,Btv화면자막잘림조치방법
1085,SK유무선공유기Wi-Fi암호변경방법
1086,유선인터넷접속불가조치방법
1087,Btv화질저하조치방법
1088,유선인터넷끊김조치방법
1089,유선인터넷모뎀공유기
1090,Btv소리묵음조치방법
1091,유선인터넷속도저하조치방법
1092,Btv부팅및업데이트불가조치방법
1093,유선인터넷장비전원고장조치방법
1094,유선인터넷웹보안인증서문제조치방법
1095,Btv미가입채널조치방법
1096,유선인터넷고정IP
1097,BtvAI셋톱박스음성인식불가조치방법
1098,Btv입력신호없음조치방법
1099,Btv화면음성끊김멈춤조치방법
1100,Btv네트워크오류조치방법
1101,Btv인터넷장애조치방법
1102,Btv셋톱박스전원불량조치방법
1103,Btv리모컨TV버튼작동불가조치방법
1104,Btv자녀안심설정방법
1105,Btv살아있는동화
1106,Btv음성검색
1107,Btv유튜브시청방법
1108,BtvTV앱
1109,BtvZEM키즈설정방법
1110,모바일Btv앱
1111,Btv블루투스연결
1112,Btv쿠폰
1113,Btv실시간TV설정방법
1114,Btv사용자맞춤설정방법
1115,Btv최근시청VOD
1116,Btv시스템설정방법
1117,Btv화면음향설정방법
1118,BtvB포인트
1119,BtvT멤버십사용방법
1120,BtvOK캐쉬백적립/사용방법
1121,BtvTV포인트
1122,Btv영상음성케이블
1123,Btv리모컨백라이팅사용방법
1124,Btv인증번호설정방법
1125,Btv리모컨분실조치방법
1126,Btv리모컨사용불가조치방법
1127,Btv채널이동지연조치방법
1128,Btv화면색상이상조치방법
1129,Btv리모컨음성검색불가조치방법
1130,BtvVOD권한없음조치방법
1131,Btv채널없음조치방법
1132,Btv리모컨이어폰연결불가조치방법
1133,인터넷전화기전원불량조치방법
1134,집전화기파손/고장
1135,집전화수발신불가조치방법
1136,집전화잡음묵음조치방법
1137,T플랜시니어요금제
1138,ZEM플랜스마트
1139,T플랜시니어안심4.5G
1140,T플랜시니어에센스
1141,발신번호표시해지방법
1142,T플랜시니어안심2.8G
1143,수신자비밀번호서비스이용방법
1144,ZEM플랜요금제
1145,T자녀안심신청방법
1146,수신자비밀번호서비스신청방법
1147,퍼펙트콜플러스해지방법
1148,T앤캡스
1149,T자녀안심
1150,퍼펙트콜플러스신청방법
1151,T플랜시니어스페셜
1152,퍼펙트콜플러스
1153,SKT콜렉트콜수신거부서비스신청방법
1154,휴대폰결제안심통보
1155,수신자비밀번호서비스해지방법
1156,T자녀안심해지방법
1157,휴대폰결제안심통보신청방법
1158,수신자비밀번호서비스
1159,T앤캡스해지방법
1160,휴대폰결제안심통보해지방법
1161,T플랜시니어세이브
1162,ZEM플랜라이트
1163,XboxGamePass이용방법
1164,T앤캡스신청방법
1165,XboxGamePass
1166,T끼리법인요금제
1167,T끼리법인요금제회선_사용자관리방법
1168,T로밍Biz요금제회선_사용자관리방법
1169,법인폰납부요금조회방법
1170,법인폰청구요금조회방법
1171,법인폰요금안내서재발행방법
1172,법인폰요금제잔여량조회방법
1173,법인폰요금제사용량조회방법
1174,법인폰청구지주소조회_변경방법
1175,법인폰자동납부내역조회방법
1176,법인폰요금안내서신청_변경방법
1177,법인세금계산서재발행방법
1178,법인폰현재사용중요금제확인방법
1179,법인통화내역조회방법
1180,법인위임대리인
1181,법인위임대리인신청방법
1182,법인위임대리인연장신청방법
1183,법인위임대리인취소방법
1184,V컬러링신청방법
1185,통합청구서해지방법
1186,게임패스얼티밋컨트롤러팩
1187,문자매니저해지방법
1188,T끼리온가족할인제도가족추가
1189,FLO유료이용권해지방법
1190,V컬러링프로모션
1191,FLO해지방법
1192,게임패스얼티밋
1193,V컬러링오류조치방법
1194,V컬러링이용방법
1195,자동납부해지방법
1196,게임패스얼티밋컨트롤러팩프로모션
1197,V컬러링
1198,게임패스얼티밋프로모션
1199,Xbox컨트롤러
1200,댁내재배선
1201,유선해지방법
1202,유선요금안내서재발행방법
1203,Btv비너스TV
1204,유선요금납부일변경방법
1205,Btv플레이보이TV
1206,유선요금납부내역확인방법
1207,Btv핑크하우스
1208,Btv허니TV
1209,유선인터넷품질측정
1210,유선상품설치가능지역
1211,Btv
1212,Btv월정액해지방법
1213,SK브로드밴드고객센터
1214,Btv코끼리명상월정액
1215,유선A/S방문일정
1216,BtvDOGTV
1217,Btv19월정액
1218,BtvOCEAN시니어월정액
1219,BtvViKi
1220,Btv지상파월정액
1221,BtvCJENM월정액
1222,Btv디자이어TV
1223,Btv미드나잇
1224,BtvMBN월정액
1225,BtvTVCHOSUN월정액
1226,Btv채널A월정액
1227,BtvJTBC월정액
1228,T_가디언
1229,T_부재중안내
1230,T_Giga인터넷라이트
1231,T_착신전환설정방법
1232,T_세이퍼NEW
1233,T_PC원스톱
1234,T_IP공유서비스
1235,T_GigaWiFi
1236,T_파워IP
1237,T_착신전환
1238,T_리모컨
1239,Btv월정액
1240,T_발신번호표시
1241,T_통화중대기
1242,플레이송스홈
1243,Btv채널팩
1244,셋톱박스
1245,Btv요금제
1246,Btv선택
1247,BtvNew베이직
1248,Btv스탠다드
1249,BtvAll
1250,T_광랜인터넷
1251,T_Giga인터넷
1252,T_Giga프리미엄
1253,집전화요금제
1254,T_일반전화
1255,T_인터넷전화
1256,집전화번호변경
1257,유선일시정지신청/해제방법
1258,유선장기일시정지
1259,장비변상금
1260,유선복지할인
1261,유선요금안내서
1262,유선상품변경방법
1263,Btv실시간채널
1264,BtvOCEAN
1265,Btv애니프라임월정액
1266,Btv투니버스월정액
1267,Btv슈퍼키즈클럽월정액
1268,BtvEBS키즈월정액
1269,Btvenglishgem
1270,Btv캐치온
1271,BtvSPOTVON
1272,BtvKBS월정액
1273,BtvSBS월정액
1274,BtvMBC월정액
1275,Btv키즈톡톡플러스
1276,Btv신기한나라TV
1277,시니어요금제
1278,USIM스마트인증해지방법
1279,원스토리앤데이터해지방법
1280,원스토리앤데이터이용방법
1281,원스토리앤데이터신청방법
1282,MMS
1283,원스토리앤데이터
1284,T원넘버
1285,요금부분납부방법
1286,T원넘버해지방법
1287,기타요금
1288,빌레터통신비안심신청방법
1289,부가사용금액
1290,빌레터통신비안심해지방법
1291,T원넘버신청방법
1292,빌레터통신비안심
1293,전화번호안심로그인
1294,TAll케어플러스폴드
1295,로그인보호서비스
1296,오토콜신청방법
1297,오토콜해지방법
1298,NewT아이폰케어
1299,가족결합상품대표회선변경방법
1300,NewT아이폰파손12
1301,NewT아이폰케어7
1302,NewT아이폰케어10
1303,NewT아이폰파손5
1304,NewT아이폰케어12
1305,NewT아이폰케어16
1306,NewT아이폰파손7
1307,NewT아이폰파손9
1308,다이렉트5G52
1309,다이렉트LTE22
1310,다이렉트5G38
1311,다이렉트LTE35
1312,5G언택트62
1313,다이렉트LTE48
1314,V컬러링플러스
1315,V컬러링플러스프로모션
1316,V컬러링플러스신청방법
1317,이니셜앱
1318,이니셜앱이용방법
1319,ZEM플러스웅진스마트올혜택
1320,ZEM플러스웅진스마트올
1321,ZEM플러스웅진스마트올해지방법
1322,채티서비스
1323,FLO신청방법
1324,부가통화
1325,통신서비스요금
1326,예상해지금액
1327,로밍음성사용량SMS
1328,로밍문자사용량SMS
1329,로밍영상통화사용량SMS
1330,5GX레귤러
1331,5GX레귤러플러스
1332,5GX퍼펙트클럽갤럭시S21해지방법
1333,5GX퍼펙트클럽갤럭시S21파손형
1334,벨플러스컬러링정액제신청방법
1335,5GX퍼펙트클럽갤럭시S21분실파손형
1336,T청소년안심서비스
1337,5GX클럽갤럭시S21
1338,5GX퍼펙트클럽갤럭시S21반납조건
1339,벨플러스컬러링정액제
1340,5GX퍼펙트클럽갤럭시S21
1341,Xbox올액세스시리즈S
1342,Xbox올액세스
1343,안심통보서비스
1344,자동납부번호확인방법
1345,Xbox올액세스시리즈X
1346,안심통보서비스해지방법
1347,T전화투데이
1348,T전화음성으로전화하기
1349,T전화NUGU계정연동방법
1350,T전화NUGU계정해제방법
1351,T전화투데이통화추천
1352,보이스뷰
1353,T전화NUGU
1354,T전화투데이루틴
1355,T전화테마
1356,T전화투데이뉴스
1357,T전화NUGU라디오듣기
1358,T전화아이폰
1359,요금제문의
1360,T우주패스
1361,T우주패스all프로모션
1362,T우주패스mini프로모션
1363,T우주패스mini
1364,0틴플랜미디엄플러스
1365,0틴플랜스몰
1366,0틴플랜미디엄
1367,ZEM플랜베스트
1368,0틴플랜라지
1369,0틴플랜요금제
1370,5GZEM플랜베스트
1371,5GZEM플랜퍼펙트
1372,구독서비스
1373,T전화T114업체정보변경
1374,T전화작은수신화면모드
1375,컬러링서비스기본음설정방법
1376,Tworld
1377,내휴대폰기종확인
1378,T전화단축번호설정
1379,0히어로할인제도
1380,아이폰기기변경상담
1381,내정보지키미
1382,내정보지키미해지방법
1383,내정보지키미신청방법
1384,TAll케어플러스2
1385,티다팩
1386,본인컬러링듣기
1387,0히어로할인제도해지방법
1388,분실파손2i일반
1389,분실파손2폴드
1390,파손280
1391,ifland앱이용방법
1392,분실파손2고급
1393,분실파손2플립
1394,분실파손2일반
1395,파손2F
1396,분실파손2i고급
1397,0히어로할인제도신청방법
1398,분실파손2
1399,파손2i80
1400,T전화모드유지
1401,T아이폰파손13
1402,T아이폰케어13Pro
1403,T아이폰파손13Pro
1404,5GX클럽아이폰13
1405,T아이폰케어13
1406,5GX플래티넘프로모션해지방법
1407,5GX플래티넘프로모션
1408,5G행복누리슬림
1409,T전화아이폰최근기록표시정책
1410,빌레터마이풀서비스해지방법
1411,빌레터마이풀서비스신청방법
1412,5G행복누리레귤러
1413,빌레터마이풀서비스이용방법
1414,T전화내위치설정방법
1415,벨소리서비스설정방법
1416,안전결제프리미엄신청방법
1417,T전화AI통화녹음
1418,안전결제프리미엄해지방법
1419,안전결제프리미엄이용방법
1420,안전결제프리미엄
1421,T멤버십포인트
1422,T멤버십포인트선물하기
1423,T멤버십T플러스포인트적립
1424,T멤버십포인트유효기간
1425,T멤버십T우주Lite회원
1426,T멤버십T플러스포인트조회방법
1427,T멤버십고객등급조회
1428,발신번호관련
1429,공부관련
1430,블루투스관련
1431,반납관련
1432,미성년자관련
1433,휴대폰관련
1434,메시지관련
1435,통화품질관련
1436,결제관련
1437,연결관련
1438,추가관련
1439,로그인관련
1440,게임관련
1441,동영상관련
1442,가족관련
1443,정지관련
1444,전화관련
1445,인터넷관련
1446,기프티콘고객센터
1447,속도관련
1448,소리관련
1449,오토레터신청방법
1450,오토레터해지방법
1451,오토레터
1452,LTE요금제
1453,UT문의방법
1454,TAll케어플러스포인트서비스
1455,통신자료제공
1456,아파트청약케어신청방법
1457,아파트청약케어해지방법
1458,통신자료제공신청방법
1459,아파트청약케어
1460,TAll케어플러스포인트서비스해지방법
1461,휴대폰가족보호
1462,휴대폰가족보호신청방법
1463,휴대폰가족보호해지방법
1464,휴대폰가족보호이용방법
1465,T전화아이폰상세기능
1466,SK세븐모바일
1467,T전화이어하기
1468,T전화탈퇴및서비스미사용
1469,T전화오류문의
1470,구매관련
1471,군인관련
1472,Wavve콘텐츠팩프리미엄해지방법
1473,Wavve콘텐츠팩프리미엄
1474,Wavve콘텐츠팩프리미엄신청방법
1475,Wavve앤데이터프리미엄신청방법
1476,Wavve앤데이터프리미엄해지방법
1477,Wavve앤데이터프리미엄
1478,휴대폰번호보호신청방법
1479,휴대폰번호보호
1480,휴대폰번호보호해지방법
1481,PASS프라임서비스해지방법
1482,TAll케어플러스2i보급
1483,분실파손2i보급
1484,TAll케어플러스2파손40
1485,TAll케어플러스2i파손50
1486,파손240
1487,파손2i50
1488,​T아이폰케어SE2022
1489,​T아이폰파손SE2022
1490,벨링라이트정액제
1491,벨링라이트정액제해지방법
1492,벨링라이트정액제신청방법
1493,소리샘서비스해지방법
1494,T전화글꼴변경방법
1495,T전화최근기록보기설정
1496,T전화계절날씨표현기능해제
1497,T전화발신자정보읽어주기설정
1498,T우주패스slim
1499,A.
1500,T우주패스all신청방법
1501,V컬러링해지방법
1502,스마트안심쇼핑
1503,스마트안심쇼핑해지방법
1504,요금제추천
1505,요금제변경
1506,baro충전요금제
1507,baro1GB충전
1508,baro2GB충전
1509,baro3GB충전
1510,가족나눔데이터신청방법
1511,모비데이터팩신청방법
1512,모비데이터팩해지방법
1513,베이직
1514,베이직플러스
1515,5GX프라임플러스
1516,다이렉트5G34
1517,다이렉트5G42
1518,TAll케어플러스3폴드
1519,TAll케어플러스3i일반
1520,TAll케어플러스3파손80
1521,TAll케어플러스3파손F
1522,TAll케어플러스3파손40
1523,TAll케어플러스3i파손80
1524,TAll케어플러스3패밀리i고급
1525,TAll케어플러스분실F4
1526,TAll케어플러스3
1527,분실F4
1528,TAll케어플러스3패밀리
1529,분실파손3
1530,파손3파손F
1531,T나는폰교체20
1532,T나는폰교체10
1533,T나는폰교체
1534,T나는폰교체20플러스
1535,T나는폰교체10플러스
1536,T나는폰교체30
1537,T나는폰교체30플러스
1538,eSIM
1539,차단해제관련
1540,T우주패스life연간신청방법
1541,T우주패스slim연간
1542,요즘가족결합가족추가
1543,요즘가족결합신청방법
1544,T우주패스패밀리서비스해지방법
1545,마이투넘버
1546,등록관련
1547,V컬러링라이트신청방법
1548,V컬러링라이트프로모션
1549,휴대폰결제멤버십신청방법
1550,휴대폰결제멤버십해지방법
1551,T아이폰케어14
1552,T아이폰파손14Pro
1553,T아이폰케어14Pro
1554,T아이폰파손14
1555,HomeFiCall
1556,T아이폰케어신청방법
1557,V컬러링플러스해지방법
1558,V컬러링라이트해지방법
1559,스마트안티피싱해지방법
1560,오토컬러링플러스해지방법
1561,컬러링라이트해지방법
1562,오토컬러링해지방법
1563,다이렉트5G48
1564,다이렉트5G62
1565,다이렉트LTE30
1566,다이렉트5G55
1567,다이렉트5G69
1568,마이데이터신청방법
1569,마이데이터해지방법
1570,T우주패스플러스구독
1571,5G시니어A형
1572,마인드케어신청방법
1573,마인드케어해지방법
1574,베이직플러스75GB업
1575,베이직플러스50GB업
1576,베이직플러스13GB업
1577,베이직플러스30GB업
1578,Wavve콘텐츠팩플러스신청방법
1579,eSIM해지방법
1580,0청년89
1581,0청년99
1582,0청년69
1583,0청년79
1584,0청년59
1585,0청년49
1586,0청년43
1587,0청년다이렉트48
1588,0청년다이렉트34
1589,0청년다이렉트42
1590,0청년다이렉트69
1591,0청년다이렉트30
1592,0청년다이렉트55
1593,다이렉트플랜5GLTE요금제
1594,0청년다이렉트62
1595,Wavve콘텐츠팩연간
1596,Wavve콘텐츠팩프리미엄연간
1597,Wavve콘텐츠팩플러스연간
1598,Wavve콘텐츠팩연간신청방법
1599,baro6GB
1600,baro12GB
1601,baro24GB
1602,baroYT7GB
1603,baroYT13GB
1604,baroYT25GB
1605,0청년5915GB업
1606,0청년5936GB업
1607,0청년59100GB업
1608,0청년5960GB업
